Article,Time Spent,User
https://www.google.com/search?q=toronto+raptor...,-14,cac374ab-932a-43db-9b8e-d4eb930adff4
 https://www.google.com/search?q=larry+o%27brie...,-11, cac374ab-932a-43db-9b8e-d4eb930adff4
 https://en.wikipedia.org/wiki/Larry_O%27Brien_...,-6, cac374ab-932a-43db-9b8e-d4eb930adff4
 https://en.wikipedia.org/wiki/Larry_O'Brien_Ch...,-11, cac374ab-932a-43db-9b8e-d4eb930adff4
                                  chrome://newtab/,-34, cac374ab-932a-43db-9b8e-d4eb930adff4
 https://en.wikipedia.org/wiki/Special:Search?s...,-30, cac374ab-932a-43db-9b8e-d4eb930adff4
 https://www.google.com/search?q=toronto+raptor...,-5, cac374ab-932a-43db-9b8e-d4eb930adff4
     https://en.wikipedia.org/wiki/Toronto_Raptors,-6, cac374ab-932a-43db-9b8e-d4eb930adff4
 https://en.wikipedia.org/wiki/2018_Luxembourg_...,-16, cac374ab-932a-43db-9b8e-d4eb930adff4
 https://www.google.com/search?q=toronto+raptor...,-2, cac374ab-932a-43db-9b8e-d4eb930adff4
     https://en.wikipedia.org/wiki/Toronto_Raptors,-2, cac374ab-932a-43db-9b8e-d4eb930adff4
    https://en.wikipedia.org/wiki/Dallas_Mavericks,-6, cac374ab-932a-43db-9b8e-d4eb930adff4
    https://en.wikipedia.org/wiki/Dallas_Mavericks,-4, cac374ab-932a-43db-9b8e-d4eb930adff4
    https://en.wikipedia.org/wiki/Alfredo_Sinclair,-13, cac374ab-932a-43db-9b8e-d4eb930adff4
          https://en.wikipedia.org/wiki/Chemotroph,-12, cac374ab-932a-43db-9b8e-d4eb930adff4
 https://en.wikipedia.org/wiki/Credential_stuffing,-18, cac374ab-932a-43db-9b8e-d4eb930adff4
          https://en.wikipedia.org/wiki/Barry_Legg,-15, cac374ab-932a-43db-9b8e-d4eb930adff4
      https://en.wikipedia.org/wiki/Randy_Williams,-5, cac374ab-932a-43db-9b8e-d4eb930adff4
 https://en.wikipedia.org/wiki/National_Basketb...,-13, cac374ab-932a-43db-9b8e-d4eb930adff4
 https://en.wikipedia.org/wiki/Karasburg_railwa...,-26, cac374ab-932a-43db-9b8e-d4eb930adff4
 https://en.wikipedia.org/wiki/National_Basketb...,-8, cac374ab-932a-43db-9b8e-d4eb930adff4
 https://en.wikipedia.org/wiki/National_Hockey_...,-13, cac374ab-932a-43db-9b8e-d4eb930adff4
       https://en.wikipedia.org/wiki/Boston_Bruins,-5, cac374ab-932a-43db-9b8e-d4eb930adff4
       https://en.wikipedia.org/wiki/Boston_Bruins,-23, cac374ab-932a-43db-9b8e-d4eb930adff4
 https://en.wikipedia.org/wiki/National_Hockey_...,-13, cac374ab-932a-43db-9b8e-d4eb930adff4
       https://en.wikipedia.org/wiki/Boston_Bruins,-12, cac374ab-932a-43db-9b8e-d4eb930adff4
 https://en.wikipedia.org/wiki/National_Hockey_...,-17, cac374ab-932a-43db-9b8e-d4eb930adff4
       https://en.wikipedia.org/wiki/Boston_Bruins,-19, cac374ab-932a-43db-9b8e-d4eb930adff4
 https://en.wikipedia.org/wiki/National_Basketb...,-18, cac374ab-932a-43db-9b8e-d4eb930adff4
 https://en.wikipedia.org/wiki/National_Basketb...,-8, cac374ab-932a-43db-9b8e-d4eb930adff4
     https://en.wikipedia.org/wiki/Toronto_Raptors,-11, cac374ab-932a-43db-9b8e-d4eb930adff4
 https://en.wikipedia.org/wiki/National_Hockey_...,-5, cac374ab-932a-43db-9b8e-d4eb930adff4
       https://en.wikipedia.org/wiki/Atlanta_Hawks,-28, cac374ab-932a-43db-9b8e-d4eb930adff4
    https://en.wikipedia.org/wiki/Dallas_Mavericks,-10, cac374ab-932a-43db-9b8e-d4eb930adff4
 https://en.wikipedia.org/wiki/National_Basketb...,-7, cac374ab-932a-43db-9b8e-d4eb930adff4
     https://en.wikipedia.org/wiki/Toronto_Raptors,-11, cac374ab-932a-43db-9b8e-d4eb930adff4
 https://en.wikipedia.org/wiki/National_Hockey_...,-15, cac374ab-932a-43db-9b8e-d4eb930adff4
 https://en.wikipedia.org/wiki/2010_in_rail_tra...,-11, cac374ab-932a-43db-9b8e-d4eb930adff4
     https://en.wikipedia.org/wiki/Toronto_Raptors,-10, cac374ab-932a-43db-9b8e-d4eb930adff4
     https://en.wikipedia.org/wiki/Toronto_Raptors,-12, cac374ab-932a-43db-9b8e-d4eb930adff4
     https://en.wikipedia.org/wiki/Toronto_Raptors,-14, cac374ab-932a-43db-9b8e-d4eb930adff4
       https://en.wikipedia.org/wiki/Boston_Bruins,-13, cac374ab-932a-43db-9b8e-d4eb930adff4
       https://en.wikipedia.org/wiki/Boston_Bruins,-20, cac374ab-932a-43db-9b8e-d4eb930adff4
 https://en.wikipedia.org/wiki/National_Hockey_...,-16, cac374ab-932a-43db-9b8e-d4eb930adff4
    https://en.wikipedia.org/wiki/Dallas_Mavericks,-3, cac374ab-932a-43db-9b8e-d4eb930adff4
     https://en.wikipedia.org/wiki/Toronto_Raptors,-12, cac374ab-932a-43db-9b8e-d4eb930adff4
     https://en.wikipedia.org/wiki/Toronto_Raptors,-8, cac374ab-932a-43db-9b8e-d4eb930adff4
       https://en.wikipedia.org/wiki/Boston_Bruins,-12, cac374ab-932a-43db-9b8e-d4eb930adff4
                                  chrome://newtab/,-2, cac374ab-932a-43db-9b8e-d4eb930adff4
     https://en.wikipedia.org/wiki/Toronto_Raptors,-17, cac374ab-932a-43db-9b8e-d4eb930adff4
       https://en.wikipedia.org/wiki/Boston_Bruins,-8, cac374ab-932a-43db-9b8e-d4eb930adff4
               https://en.wikipedia.org/wiki/Jay-Z,-12, cac374ab-932a-43db-9b8e-d4eb930adff4
               https://en.wikipedia.org/wiki/Jay-Z,-7, cac374ab-932a-43db-9b8e-d4eb930adff4
               https://en.wikipedia.org/wiki/Jay-Z,-13, cac374ab-932a-43db-9b8e-d4eb930adff4
                 https://en.wikipedia.org/wiki/Nas,-20, cac374ab-932a-43db-9b8e-d4eb930adff4
       https://en.wikipedia.org/wiki/Boston_Bruins,-20, cac374ab-932a-43db-9b8e-d4eb930adff4
                 https://en.wikipedia.org/wiki/Nas,-3, cac374ab-932a-43db-9b8e-d4eb930adff4
     https://en.wikipedia.org/wiki/Edmonton_Oilers,-13, cac374ab-932a-43db-9b8e-d4eb930adff4
          https://en.wikipedia.org/wiki/Kanye_West,-8, cac374ab-932a-43db-9b8e-d4eb930adff4
     https://en.wikipedia.org/wiki/Edmonton_Oilers,-15, cac374ab-932a-43db-9b8e-d4eb930adff4
          https://en.wikipedia.org/wiki/Kanye_West,-22, cac374ab-932a-43db-9b8e-d4eb930adff4
             https://en.wikipedia.org/wiki/Run-DMC,-16, cac374ab-932a-43db-9b8e-d4eb930adff4
                 https://en.wikipedia.org/wiki/Nas,-19, cac374ab-932a-43db-9b8e-d4eb930adff4
        https://en.wikipedia.org/wiki/Tupac_Shakur,-8, cac374ab-932a-43db-9b8e-d4eb930adff4
        https://en.wikipedia.org/wiki/Tupac_Shakur,-13, cac374ab-932a-43db-9b8e-d4eb930adff4
        https://en.wikipedia.org/wiki/Tupac_Shakur,-10, cac374ab-932a-43db-9b8e-d4eb930adff4
        https://en.wikipedia.org/wiki/Tupac_Shakur,-19, cac374ab-932a-43db-9b8e-d4eb930adff4
 https://www.google.com/search?q=wikipedia+ivey...,-5, cac374ab-932a-43db-9b8e-d4eb930adff4
 https://en.wikipedia.org/wiki/National_Hockey_...,-3, cac374ab-932a-43db-9b8e-d4eb930adff4
               https://en.wikipedia.org/wiki/Jay-Z,-15, cac374ab-932a-43db-9b8e-d4eb930adff4
                                  chrome://newtab/,-6, cac374ab-932a-43db-9b8e-d4eb930adff4
 https://www.google.com/search?q=western+univer...,-3, cac374ab-932a-43db-9b8e-d4eb930adff4
 https://en.wikipedia.org/wiki/University_of_We...,-10, cac374ab-932a-43db-9b8e-d4eb930adff4
    https://en.wikipedia.org/wiki/R%C4%83zvan_Radu,-10, cac374ab-932a-43db-9b8e-d4eb930adff4
 https://www.google.com/search?q=toronto+maple+...,-11, cac374ab-932a-43db-9b8e-d4eb930adff4
 https://www.google.com/search?q=tyler+the+crea...,-5, cac374ab-932a-43db-9b8e-d4eb930adff4
"  https://en.wikipedia.org/wiki/Tyler,_the_Creator",-12, cac374ab-932a-43db-9b8e-d4eb930adff4
 https://en.wikipedia.org/wiki/Https://en.wikip...,-15, cac374ab-932a-43db-9b8e-d4eb930adff4
     https://en.wikipedia.org/wiki/Edmonton_Oilers,-13, cac374ab-932a-43db-9b8e-d4eb930adff4
          https://en.wikipedia.org/wiki/Kanye_West,-12, cac374ab-932a-43db-9b8e-d4eb930adff4
             https://en.wikipedia.org/wiki/Run-DMC,-4, cac374ab-932a-43db-9b8e-d4eb930adff4
 https://en.wikipedia.org/wiki/A_Tribe_Called_Q...,-15, cac374ab-932a-43db-9b8e-d4eb930adff4
 https://en.wikipedia.org/wiki/Toronto_Maple_Leafs,-12, cac374ab-932a-43db-9b8e-d4eb930adff4
          https://en.wikipedia.org/wiki/Kanye_West,-12, cac374ab-932a-43db-9b8e-d4eb930adff4
 https://en.wikipedia.org/wiki/A_Tribe_Called_Q...,-5, cac374ab-932a-43db-9b8e-d4eb930adff4
    https://en.wikipedia.org/wiki/Democratic_Party,-2, cac374ab-932a-43db-9b8e-d4eb930adff4
           https://en.wikipedia.org/wiki/Joe_Biden,-14, cac374ab-932a-43db-9b8e-d4eb930adff4
               https://en.wikipedia.org/wiki/Apple,-1, 10d64c24-18fa-49a7-bd0b-ced0e5995660
           https://en.wikipedia.org/wiki/Joe_Biden,-1, 10d64c24-18fa-49a7-bd0b-ced0e5995660
     https://en.wikipedia.org/wiki/Toronto_Raptors,-1, 10d64c24-18fa-49a7-bd0b-ced0e5995660
     https://en.wikipedia.org/wiki/Toronto_Raptors,-2, 10d64c24-18fa-49a7-bd0b-ced0e5995660
           https://en.wikipedia.org/wiki/Joe_Biden,-2, 10d64c24-18fa-49a7-bd0b-ced0e5995660
     https://en.wikipedia.org/wiki/Edmonton_Oilers,-1, 10d64c24-18fa-49a7-bd0b-ced0e5995660
     https://en.wikipedia.org/wiki/Edmonton_Oilers,-3, 10d64c24-18fa-49a7-bd0b-ced0e5995660
 https://en.wikipedia.org/wiki/Ng%C3%B4_Thanh_V...,-2, 10d64c24-18fa-49a7-bd0b-ced0e5995660
         https://en.wikipedia.org/wiki/Gahi_Mammar,-1, 10d64c24-18fa-49a7-bd0b-ced0e5995660
         https://en.wikipedia.org/wiki/Gahi_Mammar,-1, 10d64c24-18fa-49a7-bd0b-ced0e5995660
       https://en.wikipedia.org/wiki/River_Welland,-7, 10d64c24-18fa-49a7-bd0b-ced0e5995660
      https://en.wikipedia.org/wiki/Darrel_Baldock,-2, 10d64c24-18fa-49a7-bd0b-ced0e5995660
             https://en.wikipedia.org/wiki/Salilak,-3, 10d64c24-18fa-49a7-bd0b-ced0e5995660
 https://en.wikipedia.org/wiki/The_Very_Best_of...,-2, 10d64c24-18fa-49a7-bd0b-ced0e5995660
 https://en.wikipedia.org/wiki/The_Very_Best_of...,-1, 10d64c24-18fa-49a7-bd0b-ced0e5995660
       https://en.wikipedia.org/wiki/Woodbine_Mile,-2, 10d64c24-18fa-49a7-bd0b-ced0e5995660
       https://en.wikipedia.org/wiki/Woodbine_Mile,-4, 10d64c24-18fa-49a7-bd0b-ced0e5995660
 https://en.wikipedia.org/wiki/1837_Liverpool_T...,-3, 10d64c24-18fa-49a7-bd0b-ced0e5995660
        https://en.wikipedia.org/wiki/Detlev_Traut,-1, 10d64c24-18fa-49a7-bd0b-ced0e5995660
        https://en.wikipedia.org/wiki/Detlev_Traut,-3, 10d64c24-18fa-49a7-bd0b-ced0e5995660
 https://en.wikipedia.org/wiki/Generations_of_Noah,-1, 10d64c24-18fa-49a7-bd0b-ced0e5995660
 https://en.wikipedia.org/wiki/G%C3%A9rard_Joua...,-4, 10d64c24-18fa-49a7-bd0b-ced0e5995660
" https://en.wikipedia.org/wiki/Wygnanka,_Radzy%...",-1, 10d64c24-18fa-49a7-bd0b-ced0e5995660
 https://en.wikipedia.org/wiki/1988_European_Ba...,-2, 10d64c24-18fa-49a7-bd0b-ced0e5995660
      https://en.wikipedia.org/wiki/Ambubachi_Mela,-2, 10d64c24-18fa-49a7-bd0b-ced0e5995660
 https://en.wikipedia.org/wiki/Battle_of_Krasno...,-2, 10d64c24-18fa-49a7-bd0b-ced0e5995660
 https://en.wikipedia.org/wiki/The_Studio_Murde...,-2, 10d64c24-18fa-49a7-bd0b-ced0e5995660
 https://en.wikipedia.org/wiki/The_Crimson_Circ...,-2, 10d64c24-18fa-49a7-bd0b-ced0e5995660
 https://en.wikipedia.org/wiki/2018_Pan_America...,-1, 10d64c24-18fa-49a7-bd0b-ced0e5995660
         https://en.wikipedia.org/wiki/Elihu_Stout,-2, 10d64c24-18fa-49a7-bd0b-ced0e5995660
     https://en.wikipedia.org/wiki/Tiszakar%C3%A1d,-3, 10d64c24-18fa-49a7-bd0b-ced0e5995660
 https://en.wikipedia.org/wiki/SANFL_Women%27s_...,-2, 10d64c24-18fa-49a7-bd0b-ced0e5995660
       https://en.wikipedia.org/wiki/Pucca_housing,-1, 10d64c24-18fa-49a7-bd0b-ced0e5995660
          https://en.wikipedia.org/wiki/Ukhtoceras,-2, 10d64c24-18fa-49a7-bd0b-ced0e5995660
        https://en.wikipedia.org/wiki/Barack_Obama,-1, 10d64c24-18fa-49a7-bd0b-ced0e5995660
        https://en.wikipedia.org/wiki/Barack_Obama,-2, 10d64c24-18fa-49a7-bd0b-ced0e5995660
        https://en.wikipedia.org/wiki/Donald_Trump,-1, 10d64c24-18fa-49a7-bd0b-ced0e5995660
        https://en.wikipedia.org/wiki/Donald_Trump,-2, 10d64c24-18fa-49a7-bd0b-ced0e5995660
        https://en.wikipedia.org/wiki/Barack_Obama,-2, 10d64c24-18fa-49a7-bd0b-ced0e5995660
           https://en.wikipedia.org/wiki/Joe_Biden,0, 10d64c24-18fa-49a7-bd0b-ced0e5995660
           https://en.wikipedia.org/wiki/Joe_Biden,-2, 10d64c24-18fa-49a7-bd0b-ced0e5995660
        https://en.wikipedia.org/wiki/Donald_Trump,-2, 10d64c24-18fa-49a7-bd0b-ced0e5995660
        https://en.wikipedia.org/wiki/Barack_Obama,-1, 10d64c24-18fa-49a7-bd0b-ced0e5995660
        https://en.wikipedia.org/wiki/Donald_Trump,-2, 10d64c24-18fa-49a7-bd0b-ced0e5995660
        https://en.wikipedia.org/wiki/Barack_Obama,-2, 10d64c24-18fa-49a7-bd0b-ced0e5995660
        https://en.wikipedia.org/wiki/Barack_Obama,-2, 10d64c24-18fa-49a7-bd0b-ced0e5995660
        https://en.wikipedia.org/wiki/Donald_Trump,-1, 10d64c24-18fa-49a7-bd0b-ced0e5995660
        https://en.wikipedia.org/wiki/Barack_Obama,-2, 10d64c24-18fa-49a7-bd0b-ced0e5995660
               https://en.wikipedia.org/wiki/Apple,-2, 10d64c24-18fa-49a7-bd0b-ced0e5995660
           https://en.wikipedia.org/wiki/Joe_Biden,-1, 10d64c24-18fa-49a7-bd0b-ced0e5995660
            https://en.wikipedia.org/wiki/Facebook,-1, 10d64c24-18fa-49a7-bd0b-ced0e5995660
        https://en.wikipedia.org/wiki/Donald_Trump,-3, 10d64c24-18fa-49a7-bd0b-ced0e5995660
           https://en.wikipedia.org/wiki/Joe_Biden,-2, 10d64c24-18fa-49a7-bd0b-ced0e5995660
           https://en.wikipedia.org/wiki/Microsoft,-2, 10d64c24-18fa-49a7-bd0b-ced0e5995660
       https://en.wikipedia.org/wiki/Gordon_Ramsay,-2, 10d64c24-18fa-49a7-bd0b-ced0e5995660
           https://en.wikipedia.org/wiki/Microsoft,-2, 10d64c24-18fa-49a7-bd0b-ced0e5995660
 https://en.wikipedia.org/wiki/Constitution_of_...,-1, 10d64c24-18fa-49a7-bd0b-ced0e5995660
 https://en.wikipedia.org/wiki/Constitution_of_...,-2, 10d64c24-18fa-49a7-bd0b-ced0e5995660
       https://en.wikipedia.org/wiki/Gordon_Ramsay,-1, 10d64c24-18fa-49a7-bd0b-ced0e5995660
       https://en.wikipedia.org/wiki/Gordon_Ramsay,-1, 10d64c24-18fa-49a7-bd0b-ced0e5995660
           https://en.wikipedia.org/wiki/Joe_Biden,-4, 10d64c24-18fa-49a7-bd0b-ced0e5995660
        https://en.wikipedia.org/wiki/Donald_Trump,-2, 10d64c24-18fa-49a7-bd0b-ced0e5995660
        https://en.wikipedia.org/wiki/Barack_Obama,-1, 10d64c24-18fa-49a7-bd0b-ced0e5995660
                        https://www.wikipedia.org/,-2, 10d64c24-18fa-49a7-bd0b-ced0e5995660
           https://en.wikipedia.org/wiki/Joe_Biden,-2, 10d64c24-18fa-49a7-bd0b-ced0e5995660
        https://en.wikipedia.org/wiki/Donald_Trump,-2, 10d64c24-18fa-49a7-bd0b-ced0e5995660
        https://en.wikipedia.org/wiki/Donald_Trump,-1, 10d64c24-18fa-49a7-bd0b-ced0e5995660
        https://en.wikipedia.org/wiki/Barack_Obama,-4, 10d64c24-18fa-49a7-bd0b-ced0e5995660
           https://en.wikipedia.org/wiki/Joe_Biden,-2, 10d64c24-18fa-49a7-bd0b-ced0e5995660
        https://en.wikipedia.org/wiki/Barack_Obama,-3, 10d64c24-18fa-49a7-bd0b-ced0e5995660
        https://en.wikipedia.org/wiki/Barack_Obama,-3, 10d64c24-18fa-49a7-bd0b-ced0e5995660
        https://en.wikipedia.org/wiki/Donald_Trump,-4, 10d64c24-18fa-49a7-bd0b-ced0e5995660
           https://en.wikipedia.org/wiki/Joe_Biden,-3, 10d64c24-18fa-49a7-bd0b-ced0e5995660
           https://en.wikipedia.org/wiki/Joe_Biden,-3, 10d64c24-18fa-49a7-bd0b-ced0e5995660
 https://en.wikipedia.org/wiki/Larry_O%27Brien_...,-3, 10d64c24-18fa-49a7-bd0b-ced0e5995660
 https://en.wikipedia.org/wiki/National_Basketb...,-3, 10d64c24-18fa-49a7-bd0b-ced0e5995660
     https://en.wikipedia.org/wiki/Toronto_Raptors,-5, 10d64c24-18fa-49a7-bd0b-ced0e5995660
 https://en.wikipedia.org/wiki/Larry_O%27Brien_...,-2, 10d64c24-18fa-49a7-bd0b-ced0e5995660
 https://en.wikipedia.org/wiki/Larry_O%27Brien_...,-3, 10d64c24-18fa-49a7-bd0b-ced0e5995660
 https://en.wikipedia.org/wiki/National_Basketb...,-2, 10d64c24-18fa-49a7-bd0b-ced0e5995660
     https://en.wikipedia.org/wiki/Toronto_Raptors,-2, 10d64c24-18fa-49a7-bd0b-ced0e5995660
 https://en.wikipedia.org/wiki/National_Basketb...,-3, 10d64c24-18fa-49a7-bd0b-ced0e5995660
 https://en.wikipedia.org/wiki/National_Basketb...,-5, 10d64c24-18fa-49a7-bd0b-ced0e5995660
 https://en.wikipedia.org/wiki/Larry_O%27Brien_...,-3, 10d64c24-18fa-49a7-bd0b-ced0e5995660
 https://en.wikipedia.org/wiki/Larry_O%27Brien_...,-5, 10d64c24-18fa-49a7-bd0b-ced0e5995660
     https://en.wikipedia.org/wiki/Toronto_Raptors,-4, 10d64c24-18fa-49a7-bd0b-ced0e5995660
     https://en.wikipedia.org/wiki/Toronto_Raptors,-2, 10d64c24-18fa-49a7-bd0b-ced0e5995660
 https://en.wikipedia.org/wiki/National_Basketb...,-3, 10d64c24-18fa-49a7-bd0b-ced0e5995660
 https://en.wikipedia.org/wiki/Larry_O%27Brien_...,-3, 10d64c24-18fa-49a7-bd0b-ced0e5995660
 https://en.wikipedia.org/wiki/Larry_O%27Brien_...,-2, 10d64c24-18fa-49a7-bd0b-ced0e5995660
               https://en.wikipedia.org/wiki/Apple,-2, 10d64c24-18fa-49a7-bd0b-ced0e5995660
 https://en.wikipedia.org/wiki/National_Basketb...,-1, 10d64c24-18fa-49a7-bd0b-ced0e5995660
 https://en.wikipedia.org/wiki/National_Basketb...,-2, 10d64c24-18fa-49a7-bd0b-ced0e5995660
 https://en.wikipedia.org/wiki/Larry_O%27Brien_...,-1, 10d64c24-18fa-49a7-bd0b-ced0e5995660
           https://en.wikipedia.org/wiki/Joe_Biden,-2, 10d64c24-18fa-49a7-bd0b-ced0e5995660
 https://en.wikipedia.org/wiki/National_Basketb...,-2, 10d64c24-18fa-49a7-bd0b-ced0e5995660
     https://en.wikipedia.org/wiki/Toronto_Raptors,-1, 10d64c24-18fa-49a7-bd0b-ced0e5995660
 https://en.wikipedia.org/wiki/Larry_O%27Brien_...,-2, 10d64c24-18fa-49a7-bd0b-ced0e5995660
       https://en.wikipedia.org/wiki/Atlanta_Hawks,-2, 10d64c24-18fa-49a7-bd0b-ced0e5995660
"  https://en.wikipedia.org/wiki/Tyler,_the_Creator",-2, 10d64c24-18fa-49a7-bd0b-ced0e5995660
       https://en.wikipedia.org/wiki/Rocket_League,-2, 10d64c24-18fa-49a7-bd0b-ced0e5995660
            https://en.wikipedia.org/wiki/Fortnite,-2, 10d64c24-18fa-49a7-bd0b-ced0e5995660
            https://en.wikipedia.org/wiki/Fortnite,-3, 10d64c24-18fa-49a7-bd0b-ced0e5995660
            https://en.wikipedia.org/wiki/Fortnite,-3, 10d64c24-18fa-49a7-bd0b-ced0e5995660
            https://en.wikipedia.org/wiki/Fortnite,-2, 10d64c24-18fa-49a7-bd0b-ced0e5995660
            https://en.wikipedia.org/wiki/Fortnite,-2, 10d64c24-18fa-49a7-bd0b-ced0e5995660
            https://en.wikipedia.org/wiki/Fortnite,-2, 10d64c24-18fa-49a7-bd0b-ced0e5995660
            https://en.wikipedia.org/wiki/Fortnite,-1, 10d64c24-18fa-49a7-bd0b-ced0e5995660
            https://en.wikipedia.org/wiki/Fortnite,-2, 10d64c24-18fa-49a7-bd0b-ced0e5995660
               https://en.wikipedia.org/wiki/Jay-Z,-2, 10d64c24-18fa-49a7-bd0b-ced0e5995660
 https://en.wikipedia.org/wiki/List_of_National...,-1, 10d64c24-18fa-49a7-bd0b-ced0e5995660
    https://en.wikipedia.org/wiki/Dallas_Mavericks,-1, 10d64c24-18fa-49a7-bd0b-ced0e5995660
      https://en.wikipedia.org/wiki/Boston_Celtics,-2, 10d64c24-18fa-49a7-bd0b-ced0e5995660
       https://en.wikipedia.org/wiki/Boston_Bruins,-2, 10d64c24-18fa-49a7-bd0b-ced0e5995660
 https://www.google.com/search?q=wikipedia+ivey...,-12, cac374ab-932a-43db-9b8e-d4eb930adff4
 https://en.wikipedia.org/wiki/Ivey_Business_Sc...,-9, cac374ab-932a-43db-9b8e-d4eb930adff4
     https://en.wikipedia.org/wiki/Toronto_Raptors,-12, cac374ab-932a-43db-9b8e-d4eb930adff4
    https://en.wikipedia.org/wiki/Democratic_Party,-9, cac374ab-932a-43db-9b8e-d4eb930adff4
 https://en.wikipedia.org/wiki/Toronto_Maple_Leafs,-13, cac374ab-932a-43db-9b8e-d4eb930adff4
          https://en.wikipedia.org/wiki/Kanye_West,-17, cac374ab-932a-43db-9b8e-d4eb930adff4
       https://en.wikipedia.org/wiki/Atlanta_Hawks,-13, cac374ab-932a-43db-9b8e-d4eb930adff4
        https://en.wikipedia.org/wiki/Donald_Trump,-13, cac374ab-932a-43db-9b8e-d4eb930adff4
      https://en.wikipedia.org/wiki/Boston_Celtics,-12, cac374ab-932a-43db-9b8e-d4eb930adff4
      https://en.wikipedia.org/wiki/Boston_Celtics,-11, cac374ab-932a-43db-9b8e-d4eb930adff4
 https://en.wikipedia.org/wiki/List_of_National...,-18, cac374ab-932a-43db-9b8e-d4eb930adff4
 https://www.google.com/search?q=wikipedia+ivey...,-1, 2897480d-51d3-42f1-9df2-e1bd0753589a
 https://en.wikipedia.org/wiki/Ivey_Business_Sc...,-6, 2897480d-51d3-42f1-9df2-e1bd0753589a
     https://en.wikipedia.org/wiki/Toronto_Raptors,-13, 2897480d-51d3-42f1-9df2-e1bd0753589a
        https://en.wikipedia.org/wiki/Tupac_Shakur,-10, 2897480d-51d3-42f1-9df2-e1bd0753589a
 https://en.wikipedia.org/wiki/Toronto_Maple_Leafs,-3, 2897480d-51d3-42f1-9df2-e1bd0753589a
      https://en.wikipedia.org/wiki/Boston_Celtics,-12, 2897480d-51d3-42f1-9df2-e1bd0753589a
 https://en.wikipedia.org/wiki/National_Basketb...,-9, 2897480d-51d3-42f1-9df2-e1bd0753589a
    https://en.wikipedia.org/wiki/Dallas_Mavericks,-11, 2897480d-51d3-42f1-9df2-e1bd0753589a
       https://en.wikipedia.org/wiki/Atlanta_Hawks,-18, 2897480d-51d3-42f1-9df2-e1bd0753589a
     https://en.wikipedia.org/wiki/Edmonton_Oilers,-15, 2897480d-51d3-42f1-9df2-e1bd0753589a
       https://en.wikipedia.org/wiki/Boston_Bruins,-4, 2897480d-51d3-42f1-9df2-e1bd0753589a
               https://en.wikipedia.org/wiki/Jay-Z,-6, 2897480d-51d3-42f1-9df2-e1bd0753589a
               https://en.wikipedia.org/wiki/Jay-Z,-12, 2897480d-51d3-42f1-9df2-e1bd0753589a
             https://en.wikipedia.org/wiki/Run-DMC,-12, 2897480d-51d3-42f1-9df2-e1bd0753589a
 https://en.wikipedia.org/wiki/Larry_O%27Brien_...,-11, 2897480d-51d3-42f1-9df2-e1bd0753589a
                 https://en.wikipedia.org/wiki/Nas,-9, 2897480d-51d3-42f1-9df2-e1bd0753589a
 https://en.wikipedia.org/wiki/List_of_National...,-9, 2897480d-51d3-42f1-9df2-e1bd0753589a
 https://en.wikipedia.org/wiki/National_Hockey_...,-11, 2897480d-51d3-42f1-9df2-e1bd0753589a
 https://en.wikipedia.org/wiki/National_Hockey_...,-14, 2897480d-51d3-42f1-9df2-e1bd0753589a
           https://en.wikipedia.org/wiki/Joe_Biden,-10, 2897480d-51d3-42f1-9df2-e1bd0753589a
           https://en.wikipedia.org/wiki/Joe_Biden,-8, 2897480d-51d3-42f1-9df2-e1bd0753589a
        https://en.wikipedia.org/wiki/Barack_Obama,-3, 2897480d-51d3-42f1-9df2-e1bd0753589a
        https://en.wikipedia.org/wiki/Donald_Trump,-1, 2897480d-51d3-42f1-9df2-e1bd0753589a
        https://en.wikipedia.org/wiki/Donald_Trump,-7, 2897480d-51d3-42f1-9df2-e1bd0753589a
    https://en.wikipedia.org/wiki/Democratic_Party,-13, 2897480d-51d3-42f1-9df2-e1bd0753589a
 https://en.wikipedia.org/wiki/A_Tribe_Called_Q...,-7, 2897480d-51d3-42f1-9df2-e1bd0753589a
          https://en.wikipedia.org/wiki/Kanye_West,-4, 2897480d-51d3-42f1-9df2-e1bd0753589a
          https://en.wikipedia.org/wiki/Kanye_West,-2, a0880c23-0fa9-47ec-b722-703ad7d126c2
          https://en.wikipedia.org/wiki/Kanye_West,-1, a0880c23-0fa9-47ec-b722-703ad7d126c2
    https://en.wikipedia.org/wiki/Democratic_Party,-8, a0880c23-0fa9-47ec-b722-703ad7d126c2
      https://en.wikipedia.org/wiki/Boston_Celtics,-7, a0880c23-0fa9-47ec-b722-703ad7d126c2
 https://en.wikipedia.org/wiki/National_Hockey_...,-8, a0880c23-0fa9-47ec-b722-703ad7d126c2
        https://en.wikipedia.org/wiki/Donald_Trump,-10, a0880c23-0fa9-47ec-b722-703ad7d126c2
           https://en.wikipedia.org/wiki/Joe_Biden,-13, a0880c23-0fa9-47ec-b722-703ad7d126c2
           https://en.wikipedia.org/wiki/Joe_Biden,-20, a0880c23-0fa9-47ec-b722-703ad7d126c2
        https://en.wikipedia.org/wiki/Barack_Obama,-3, a0880c23-0fa9-47ec-b722-703ad7d126c2
        https://en.wikipedia.org/wiki/Barack_Obama,-21, 72402eb9-10c1-4b79-87d4-6873f84abd56
     https://en.wikipedia.org/wiki/Edmonton_Oilers,-10, 72402eb9-10c1-4b79-87d4-6873f84abd56
     https://en.wikipedia.org/wiki/Toronto_Raptors,-8, 72402eb9-10c1-4b79-87d4-6873f84abd56
              https://en.wikipedia.org/wiki/Google,-1, 10d64c24-18fa-49a7-bd0b-ced0e5995660
 https://www.google.com/search?q=wikipedia+ivey...,-8, 72402eb9-10c1-4b79-87d4-6873f84abd56
 https://en.wikipedia.org/wiki/Ivey_Business_Sc...,-13, 72402eb9-10c1-4b79-87d4-6873f84abd56
             https://en.wikipedia.org/wiki/Run-DMC,-11, 72402eb9-10c1-4b79-87d4-6873f84abd56
 https://en.wikipedia.org/wiki/A_Tribe_Called_Q...,-12, 72402eb9-10c1-4b79-87d4-6873f84abd56
 https://en.wikipedia.org/wiki/National_Hockey_...,-14, 72402eb9-10c1-4b79-87d4-6873f84abd56
       https://en.wikipedia.org/wiki/Atlanta_Hawks,-12, 72402eb9-10c1-4b79-87d4-6873f84abd56
               https://en.wikipedia.org/wiki/Apple,-1, 10d64c24-18fa-49a7-bd0b-ced0e5995660
 https://en.wikipedia.org/wiki/A_Tribe_Called_Q...,-2, 10d64c24-18fa-49a7-bd0b-ced0e5995660
 https://en.wikipedia.org/wiki/Toronto_Maple_Leafs,-2, 10d64c24-18fa-49a7-bd0b-ced0e5995660
             https://en.wikipedia.org/wiki/Run-DMC,-2, 10d64c24-18fa-49a7-bd0b-ced0e5995660
 https://www.google.com/search?q=wikipedia+ivey...,-11, 2897480d-51d3-42f1-9df2-e1bd0753589a
 https://en.wikipedia.org/wiki/Ivey_Business_Sc...,-19, 80dd3d49-c459-411b-81d6-1b95a3752422
 https://en.wikipedia.org/wiki/Toronto_Maple_Leafs,-14, 80dd3d49-c459-411b-81d6-1b95a3752422
     https://en.wikipedia.org/wiki/Edmonton_Oilers,-13, 80dd3d49-c459-411b-81d6-1b95a3752422
 https://en.wikipedia.org/wiki/A_Tribe_Called_Q...,-20, 80dd3d49-c459-411b-81d6-1b95a3752422
      https://en.wikipedia.org/wiki/Boston_Celtics,-13, 80dd3d49-c459-411b-81d6-1b95a3752422
 https://www.google.com/search?q=wikipedia+ivey...,-5, fa45b425-8e0e-4b5c-9259-ee0fb862df33
 https://en.wikipedia.org/wiki/Ivey_Business_Sc...,-10, fa45b425-8e0e-4b5c-9259-ee0fb862df33
       https://en.wikipedia.org/wiki/Atlanta_Hawks,-14, fa45b425-8e0e-4b5c-9259-ee0fb862df33
        https://en.wikipedia.org/wiki/Donald_Trump,-12, fa45b425-8e0e-4b5c-9259-ee0fb862df33
                  http://localhost:3000/Onboarding,-128, cac374ab-932a-43db-9b8e-d4eb930adff4
 https://stackoverflow.com/questions/28511207/r...,-6, cac374ab-932a-43db-9b8e-d4eb930adff4
       https://www.youtube.com/watch?v=iuPMoaDnD1Y,-3, cac374ab-932a-43db-9b8e-d4eb930adff4
       https://www.youtube.com/watch?v=iuPMoaDnD1Y,-8, cac374ab-932a-43db-9b8e-d4eb930adff4
       https://www.youtube.com/watch?v=iuPMoaDnD1Y,-12, cac374ab-932a-43db-9b8e-d4eb930adff4
       https://www.youtube.com/watch?v=iuPMoaDnD1Y,-12, cac374ab-932a-43db-9b8e-d4eb930adff4
                  http://localhost:3000/Onboarding,-33, cac374ab-932a-43db-9b8e-d4eb930adff4
       https://www.youtube.com/watch?v=iuPMoaDnD1Y,-17, cac374ab-932a-43db-9b8e-d4eb930adff4
       https://www.youtube.com/watch?v=iuPMoaDnD1Y,-3, cac374ab-932a-43db-9b8e-d4eb930adff4
 https://www.w3schools.com/cssref/pr_class_curs...,-8, cac374ab-932a-43db-9b8e-d4eb930adff4
       https://www.youtube.com/watch?v=iEU4YOvd3as,-4, cac374ab-932a-43db-9b8e-d4eb930adff4
       https://www.youtube.com/watch?v=iEU4YOvd3as,-4, cac374ab-932a-43db-9b8e-d4eb930adff4
                  http://localhost:3000/Onboarding,-4, cac374ab-932a-43db-9b8e-d4eb930adff4
                  http://localhost:3000/Onboarding,-256, cac374ab-932a-43db-9b8e-d4eb930adff4
                  http://localhost:3000/Onboarding,-75, cac374ab-932a-43db-9b8e-d4eb930adff4
                  http://localhost:3000/Onboarding,-226, cac374ab-932a-43db-9b8e-d4eb930adff4
                  http://localhost:3000/Onboarding,-65, cac374ab-932a-43db-9b8e-d4eb930adff4
                  http://localhost:3000/Onboarding,-18, cac374ab-932a-43db-9b8e-d4eb930adff4
                  http://localhost:3000/Onboarding,-3, cac374ab-932a-43db-9b8e-d4eb930adff4
                  http://localhost:3000/Onboarding,-229, cac374ab-932a-43db-9b8e-d4eb930adff4
 https://stackoverflow.com/questions/35287949/r...,-3, cac374ab-932a-43db-9b8e-d4eb930adff4
 https://www.youtube.com/watch?v=er2voEn8ZDU&t=...,-9, cac374ab-932a-43db-9b8e-d4eb930adff4
                  http://localhost:3000/Onboarding,-5, cac374ab-932a-43db-9b8e-d4eb930adff4
                  http://localhost:3000/Onboarding,-8, cac374ab-932a-43db-9b8e-d4eb930adff4
                  http://localhost:3000/Onboarding,-2, cac374ab-932a-43db-9b8e-d4eb930adff4
                  http://localhost:3000/Onboarding,-2, cac374ab-932a-43db-9b8e-d4eb930adff4
                  http://localhost:3000/Onboarding,-252, cac374ab-932a-43db-9b8e-d4eb930adff4
                  http://localhost:3000/Onboarding,-133, cac374ab-932a-43db-9b8e-d4eb930adff4
                  http://localhost:3000/Onboarding,-13, cac374ab-932a-43db-9b8e-d4eb930adff4
                  http://localhost:3000/Onboarding,-3, cac374ab-932a-43db-9b8e-d4eb930adff4
                  http://localhost:3000/Onboarding,-27, cac374ab-932a-43db-9b8e-d4eb930adff4
                  http://localhost:3000/Onboarding,-208, cac374ab-932a-43db-9b8e-d4eb930adff4
                  http://localhost:3000/Onboarding,-3, cac374ab-932a-43db-9b8e-d4eb930adff4
                  http://localhost:3000/Onboarding,-3, cac374ab-932a-43db-9b8e-d4eb930adff4
 https://stackoverflow.com/questions/7893776/th...,-4, cac374ab-932a-43db-9b8e-d4eb930adff4
 https://stackoverflow.com/questions/29886552/w...,-6, cac374ab-932a-43db-9b8e-d4eb930adff4
                  http://localhost:3000/Onboarding,-5, cac374ab-932a-43db-9b8e-d4eb930adff4
                  http://localhost:3000/Onboarding,-2, cac374ab-932a-43db-9b8e-d4eb930adff4
                  http://localhost:3000/Onboarding,-6, cac374ab-932a-43db-9b8e-d4eb930adff4
                  http://localhost:3000/Onboarding,-8, cac374ab-932a-43db-9b8e-d4eb930adff4
                  http://localhost:3000/Onboarding,-6, cac374ab-932a-43db-9b8e-d4eb930adff4
                  http://localhost:3000/Onboarding,-546, cac374ab-932a-43db-9b8e-d4eb930adff4
                  http://localhost:3000/Onboarding,-3, cac374ab-932a-43db-9b8e-d4eb930adff4
                  http://localhost:3000/Onboarding,-34, cac374ab-932a-43db-9b8e-d4eb930adff4
 https://www.w3schools.com/jsref/jsref_replace.asp,-7, cac374ab-932a-43db-9b8e-d4eb930adff4
                  http://localhost:3000/Onboarding,-4, cac374ab-932a-43db-9b8e-d4eb930adff4
                  http://localhost:3000/Onboarding,-33, cac374ab-932a-43db-9b8e-d4eb930adff4
                  http://localhost:3000/Onboarding,-13, cac374ab-932a-43db-9b8e-d4eb930adff4
                  http://localhost:3000/Onboarding,-55, cac374ab-932a-43db-9b8e-d4eb930adff4
                  http://localhost:3000/Onboarding,-5, cac374ab-932a-43db-9b8e-d4eb930adff4
                  http://localhost:3000/Onboarding,-3, cac374ab-932a-43db-9b8e-d4eb930adff4
                  http://localhost:3000/Onboarding,-9, cac374ab-932a-43db-9b8e-d4eb930adff4
                  http://localhost:3000/Onboarding,-3, cac374ab-932a-43db-9b8e-d4eb930adff4
                  http://localhost:3000/Onboarding,-4, cac374ab-932a-43db-9b8e-d4eb930adff4
                  http://localhost:3000/Onboarding,-4, cac374ab-932a-43db-9b8e-d4eb930adff4
                  http://localhost:3000/Onboarding,-3, cac374ab-932a-43db-9b8e-d4eb930adff4
                  http://localhost:3000/Onboarding,-25, cac374ab-932a-43db-9b8e-d4eb930adff4
 https://stackoverflow.com/questions/3298477/ge...,-50, cac374ab-932a-43db-9b8e-d4eb930adff4
                  http://localhost:3000/Onboarding,-4, cac374ab-932a-43db-9b8e-d4eb930adff4
                  http://localhost:3000/Onboarding,-3, cac374ab-932a-43db-9b8e-d4eb930adff4
                  http://localhost:3000/Onboarding,-3, cac374ab-932a-43db-9b8e-d4eb930adff4
                  http://localhost:3000/Onboarding,-5, cac374ab-932a-43db-9b8e-d4eb930adff4
                  http://localhost:3000/Onboarding,-9, cac374ab-932a-43db-9b8e-d4eb930adff4
 https://stackoverflow.com/questions/10024866/r...,-4, cac374ab-932a-43db-9b8e-d4eb930adff4
                  http://localhost:3000/Onboarding,-4, cac374ab-932a-43db-9b8e-d4eb930adff4
                  http://localhost:3000/Onboarding,-11, cac374ab-932a-43db-9b8e-d4eb930adff4
                  http://localhost:3000/Onboarding,-7, cac374ab-932a-43db-9b8e-d4eb930adff4
                  http://localhost:3000/Onboarding,-11, cac374ab-932a-43db-9b8e-d4eb930adff4
                  http://localhost:3000/Onboarding,-11, cac374ab-932a-43db-9b8e-d4eb930adff4
                  http://localhost:3000/Onboarding,-6, cac374ab-932a-43db-9b8e-d4eb930adff4
                  http://localhost:3000/Onboarding,-3, cac374ab-932a-43db-9b8e-d4eb930adff4
                  http://localhost:3000/Onboarding,-3, cac374ab-932a-43db-9b8e-d4eb930adff4
                  http://localhost:3000/Onboarding,-6, cac374ab-932a-43db-9b8e-d4eb930adff4
                  http://localhost:3000/Onboarding,-4, cac374ab-932a-43db-9b8e-d4eb930adff4
                  http://localhost:3000/Onboarding,-5, cac374ab-932a-43db-9b8e-d4eb930adff4
                  http://localhost:3000/Onboarding,-16, cac374ab-932a-43db-9b8e-d4eb930adff4
                  http://localhost:3000/Onboarding,-3, cac374ab-932a-43db-9b8e-d4eb930adff4
                  http://localhost:3000/Onboarding,-7, cac374ab-932a-43db-9b8e-d4eb930adff4
                  http://localhost:3000/Onboarding,-7, cac374ab-932a-43db-9b8e-d4eb930adff4
                  http://localhost:3000/Onboarding,-11, cac374ab-932a-43db-9b8e-d4eb930adff4
 https://stackoverflow.com/questions/6116474/ho...,-2, cac374ab-932a-43db-9b8e-d4eb930adff4
                  http://localhost:3000/Onboarding,-4, cac374ab-932a-43db-9b8e-d4eb930adff4
                  http://localhost:3000/Onboarding,-3, cac374ab-932a-43db-9b8e-d4eb930adff4
                  http://localhost:3000/Onboarding,-237, cac374ab-932a-43db-9b8e-d4eb930adff4
                  http://localhost:3000/Onboarding,-178, cac374ab-932a-43db-9b8e-d4eb930adff4
                  http://localhost:3000/Onboarding,-4, cac374ab-932a-43db-9b8e-d4eb930adff4
                  http://localhost:3000/Onboarding,-15, cac374ab-932a-43db-9b8e-d4eb930adff4
                  http://localhost:3000/Onboarding,-9, cac374ab-932a-43db-9b8e-d4eb930adff4
                  http://localhost:3000/Onboarding,-6, cac374ab-932a-43db-9b8e-d4eb930adff4
                  http://localhost:3000/Onboarding,-5, cac374ab-932a-43db-9b8e-d4eb930adff4
                  http://localhost:3000/Onboarding,-5, cac374ab-932a-43db-9b8e-d4eb930adff4
                  http://localhost:3000/Onboarding,-7, cac374ab-932a-43db-9b8e-d4eb930adff4
                  http://localhost:3000/Onboarding,-4, cac374ab-932a-43db-9b8e-d4eb930adff4
                  http://localhost:3000/Onboarding,-6, cac374ab-932a-43db-9b8e-d4eb930adff4
                  http://localhost:3000/Onboarding,-3, cac374ab-932a-43db-9b8e-d4eb930adff4
                  http://localhost:3000/Onboarding,-59, cac374ab-932a-43db-9b8e-d4eb930adff4
                  http://localhost:3000/Onboarding,-3, cac374ab-932a-43db-9b8e-d4eb930adff4
                  http://localhost:3000/Onboarding,-5, cac374ab-932a-43db-9b8e-d4eb930adff4
                  http://localhost:3000/Onboarding,-4, cac374ab-932a-43db-9b8e-d4eb930adff4
                  http://localhost:3000/Onboarding,-8, cac374ab-932a-43db-9b8e-d4eb930adff4
                  http://localhost:3000/Onboarding,-6, cac374ab-932a-43db-9b8e-d4eb930adff4
                  http://localhost:3000/Onboarding,-10, cac374ab-932a-43db-9b8e-d4eb930adff4
                  http://localhost:3000/Onboarding,-17, cac374ab-932a-43db-9b8e-d4eb930adff4
                  http://localhost:3000/Onboarding,-7, cac374ab-932a-43db-9b8e-d4eb930adff4
                  http://localhost:3000/Onboarding,-209, cac374ab-932a-43db-9b8e-d4eb930adff4
                  http://localhost:3000/Onboarding,-4, cac374ab-932a-43db-9b8e-d4eb930adff4
                  https://en.wikipedia.org/wiki/NN,-3, 10d64c24-18fa-49a7-bd0b-ced0e5995660
            https://en.wikipedia.org/wiki/NN_Group,-2, 10d64c24-18fa-49a7-bd0b-ced0e5995660
          https://en.wikipedia.org/wiki/Kanye_West,-3, 10d64c24-18fa-49a7-bd0b-ced0e5995660
 https://en.wikipedia.org/wiki/National_Hockey_...,-2, 10d64c24-18fa-49a7-bd0b-ced0e5995660
                  http://localhost:3000/Onboarding,-17, cac374ab-932a-43db-9b8e-d4eb930adff4
                  http://localhost:3000/Onboarding,-7, cac374ab-932a-43db-9b8e-d4eb930adff4
                  http://localhost:3000/Onboarding,-10, cac374ab-932a-43db-9b8e-d4eb930adff4
                  http://localhost:3000/Onboarding,-2, cac374ab-932a-43db-9b8e-d4eb930adff4
                  http://localhost:3000/Onboarding,-3, cac374ab-932a-43db-9b8e-d4eb930adff4
                  http://localhost:3000/Onboarding,-220, cac374ab-932a-43db-9b8e-d4eb930adff4
                  http://localhost:3000/Onboarding,-131, cac374ab-932a-43db-9b8e-d4eb930adff4
                  http://localhost:3000/Onboarding,-10, cac374ab-932a-43db-9b8e-d4eb930adff4
                  http://localhost:3000/Onboarding,-5, cac374ab-932a-43db-9b8e-d4eb930adff4
                  http://localhost:3000/Onboarding,-11, cac374ab-932a-43db-9b8e-d4eb930adff4
                  http://localhost:3000/Onboarding,-28, cac374ab-932a-43db-9b8e-d4eb930adff4
                  http://localhost:3000/Onboarding,-37, cac374ab-932a-43db-9b8e-d4eb930adff4
                  http://localhost:3000/Onboarding,-88, cac374ab-932a-43db-9b8e-d4eb930adff4
                  http://localhost:3000/Onboarding,-101, cac374ab-932a-43db-9b8e-d4eb930adff4
                  http://localhost:3000/Onboarding,-4, cac374ab-932a-43db-9b8e-d4eb930adff4
                  http://localhost:3000/Onboarding,-11, cac374ab-932a-43db-9b8e-d4eb930adff4
                  http://localhost:3000/Onboarding,-5, cac374ab-932a-43db-9b8e-d4eb930adff4
                  http://localhost:3000/Onboarding,-144, cac374ab-932a-43db-9b8e-d4eb930adff4
                  http://localhost:3000/Onboarding,-7, cac374ab-932a-43db-9b8e-d4eb930adff4
                  http://localhost:3000/Onboarding,-4, cac374ab-932a-43db-9b8e-d4eb930adff4
                  http://localhost:3000/Onboarding,-6, cac374ab-932a-43db-9b8e-d4eb930adff4
                  http://localhost:3000/Onboarding,-3, cac374ab-932a-43db-9b8e-d4eb930adff4
                  http://localhost:3000/Onboarding,-7, cac374ab-932a-43db-9b8e-d4eb930adff4
                  http://localhost:3000/Onboarding,-4, cac374ab-932a-43db-9b8e-d4eb930adff4
                  http://localhost:3000/Onboarding,-5, cac374ab-932a-43db-9b8e-d4eb930adff4
                  http://localhost:3000/Onboarding,-4, cac374ab-932a-43db-9b8e-d4eb930adff4
                            http://localhost:3000/,-296, cac374ab-932a-43db-9b8e-d4eb930adff4
                  http://localhost:3000/Onboarding,-91, cac374ab-932a-43db-9b8e-d4eb930adff4
                  http://localhost:3000/Onboarding,-7, cac374ab-932a-43db-9b8e-d4eb930adff4
                  http://localhost:3000/Onboarding,-4, cac374ab-932a-43db-9b8e-d4eb930adff4
                  http://localhost:3000/Onboarding,-6, cac374ab-932a-43db-9b8e-d4eb930adff4
                  http://localhost:3000/Onboarding,-6, cac374ab-932a-43db-9b8e-d4eb930adff4
                  http://localhost:3000/Onboarding,-15, cac374ab-932a-43db-9b8e-d4eb930adff4
                  http://localhost:3000/Onboarding,-4, cac374ab-932a-43db-9b8e-d4eb930adff4
                  http://localhost:3000/Onboarding,-7, cac374ab-932a-43db-9b8e-d4eb930adff4
                  http://localhost:3000/Onboarding,-3, cac374ab-932a-43db-9b8e-d4eb930adff4
                  http://localhost:3000/Onboarding,-21, cac374ab-932a-43db-9b8e-d4eb930adff4
                  http://localhost:3000/Onboarding,-12, cac374ab-932a-43db-9b8e-d4eb930adff4
 https://www.google.com/search?q=wikipedia+ivey...,-3, 20827919-be8d-4f45-99ed-171a16a6c47c
 https://en.wikipedia.org/wiki/Ivey_Business_Sc...,-11, 20827919-be8d-4f45-99ed-171a16a6c47c
      https://en.wikipedia.org/wiki/Boston_Celtics,-5, 20827919-be8d-4f45-99ed-171a16a6c47c
 https://en.wikipedia.org/wiki/National_Hockey_...,-8, 20827919-be8d-4f45-99ed-171a16a6c47c
 https://en.wikipedia.org/wiki/A_Tribe_Called_Q...,-2, 20827919-be8d-4f45-99ed-171a16a6c47c
 https://en.wikipedia.org/wiki/A_Tribe_Called_Q...,-2, 20827919-be8d-4f45-99ed-171a16a6c47c
                  http://localhost:3000/Onboarding,-18, cac374ab-932a-43db-9b8e-d4eb930adff4
                  http://localhost:3000/Onboarding,-15, cac374ab-932a-43db-9b8e-d4eb930adff4
                  http://localhost:3000/Onboarding,-10, cac374ab-932a-43db-9b8e-d4eb930adff4
                  http://localhost:3000/Onboarding,-12, cac374ab-932a-43db-9b8e-d4eb930adff4
                  http://localhost:3000/Onboarding,-4, cac374ab-932a-43db-9b8e-d4eb930adff4
                  http://localhost:3000/Onboarding,-12, cac374ab-932a-43db-9b8e-d4eb930adff4
                  http://localhost:3000/Onboarding,-3, cac374ab-932a-43db-9b8e-d4eb930adff4
                  http://localhost:3000/Onboarding,-25, cac374ab-932a-43db-9b8e-d4eb930adff4
                  http://localhost:3000/Onboarding,-11, cac374ab-932a-43db-9b8e-d4eb930adff4
                  http://localhost:3000/Onboarding,-3, cac374ab-932a-43db-9b8e-d4eb930adff4
                  http://localhost:3000/Onboarding,-7, cac374ab-932a-43db-9b8e-d4eb930adff4
                  http://localhost:3000/Onboarding,-7, cac374ab-932a-43db-9b8e-d4eb930adff4
                  http://localhost:3000/Onboarding,-6, cac374ab-932a-43db-9b8e-d4eb930adff4
                  http://localhost:3000/Onboarding,-8, cac374ab-932a-43db-9b8e-d4eb930adff4
                  http://localhost:3000/Onboarding,-6, cac374ab-932a-43db-9b8e-d4eb930adff4
                  https://en.wikipedia.org/wiki/JJ,-3, 1ecef43c-fd9c-43ea-a976-5eb7b1ab82e8
      https://en.wikipedia.org/wiki/Boston_Celtics,-4, 1ecef43c-fd9c-43ea-a976-5eb7b1ab82e8
        https://en.wikipedia.org/wiki/Donald_Trump,-3, 1ecef43c-fd9c-43ea-a976-5eb7b1ab82e8
     https://en.wikipedia.org/wiki/Toronto_Raptors,-4, 1ecef43c-fd9c-43ea-a976-5eb7b1ab82e8
     https://en.wikipedia.org/wiki/Toronto_Raptors,-2, 1ecef43c-fd9c-43ea-a976-5eb7b1ab82e8
        https://en.wikipedia.org/wiki/Barack_Obama,-3, 1ecef43c-fd9c-43ea-a976-5eb7b1ab82e8
 https://en.wikipedia.org/wiki/Toronto_Maple_Leafs,-2, 1ecef43c-fd9c-43ea-a976-5eb7b1ab82e8
 https://www.google.com/search?q=wikipedia+ivey...,-4, 2897480d-51d3-42f1-9df2-e1bd0753589a
                  http://localhost:3000/Onboarding,-9, cac374ab-932a-43db-9b8e-d4eb930adff4
                  http://localhost:3000/Onboarding,-7, cac374ab-932a-43db-9b8e-d4eb930adff4
                  http://localhost:3000/Onboarding,-6, cac374ab-932a-43db-9b8e-d4eb930adff4
                  http://localhost:3000/Onboarding,-9, cac374ab-932a-43db-9b8e-d4eb930adff4
                  http://localhost:3000/Onboarding,-7, cac374ab-932a-43db-9b8e-d4eb930adff4
                  http://localhost:3000/Onboarding,-13, cac374ab-932a-43db-9b8e-d4eb930adff4
                  http://localhost:3000/Onboarding,-11, cac374ab-932a-43db-9b8e-d4eb930adff4
                  http://localhost:3000/Onboarding,-3, cac374ab-932a-43db-9b8e-d4eb930adff4
                  http://localhost:3000/Onboarding,-17, cac374ab-932a-43db-9b8e-d4eb930adff4
                  http://localhost:3000/Onboarding,-2, cac374ab-932a-43db-9b8e-d4eb930adff4
                  http://localhost:3000/Onboarding,-6, cac374ab-932a-43db-9b8e-d4eb930adff4
                  http://localhost:3000/Onboarding,-15, cac374ab-932a-43db-9b8e-d4eb930adff4
                  http://localhost:3000/Onboarding,-2, cac374ab-932a-43db-9b8e-d4eb930adff4
                  http://localhost:3000/Onboarding,-5, cac374ab-932a-43db-9b8e-d4eb930adff4
                  http://localhost:3000/Onboarding,-6, cac374ab-932a-43db-9b8e-d4eb930adff4
                  http://localhost:3000/Onboarding,-4, cac374ab-932a-43db-9b8e-d4eb930adff4
                  http://localhost:3000/Onboarding,-5, cac374ab-932a-43db-9b8e-d4eb930adff4
                  http://localhost:3000/Onboarding,-4, cac374ab-932a-43db-9b8e-d4eb930adff4
                  http://localhost:3000/Onboarding,-12, cac374ab-932a-43db-9b8e-d4eb930adff4
                  http://localhost:3000/Onboarding,-4, cac374ab-932a-43db-9b8e-d4eb930adff4
                  http://localhost:3000/Onboarding,-19, cac374ab-932a-43db-9b8e-d4eb930adff4
                  http://localhost:3000/Onboarding,-13, cac374ab-932a-43db-9b8e-d4eb930adff4
                  http://localhost:3000/Onboarding,-12, cac374ab-932a-43db-9b8e-d4eb930adff4
                  http://localhost:3000/Onboarding,-11, cac374ab-932a-43db-9b8e-d4eb930adff4
                  http://localhost:3000/Onboarding,-4, cac374ab-932a-43db-9b8e-d4eb930adff4
                  http://localhost:3000/Onboarding,-8, cac374ab-932a-43db-9b8e-d4eb930adff4
                  http://localhost:3000/Onboarding,-12, cac374ab-932a-43db-9b8e-d4eb930adff4
                  http://localhost:3000/Onboarding,-7, cac374ab-932a-43db-9b8e-d4eb930adff4
                  http://localhost:3000/Onboarding,-3, cac374ab-932a-43db-9b8e-d4eb930adff4
                  http://localhost:3000/Onboarding,-10, cac374ab-932a-43db-9b8e-d4eb930adff4
                  http://localhost:3000/Onboarding,-8, cac374ab-932a-43db-9b8e-d4eb930adff4
                  http://localhost:3000/Onboarding,-2, cac374ab-932a-43db-9b8e-d4eb930adff4
 https://en.wikipedia.org/wiki/PlayStation_5?pr...,   NaN,                                  NaN
 https://en.wikipedia.org/wiki/Hamburger?printa...,   NaN,                                  NaN
                  http://localhost:3000/Onboarding,-5, cac374ab-932a-43db-9b8e-d4eb930adff4
                  http://localhost:3000/Onboarding,-17, cac374ab-932a-43db-9b8e-d4eb930adff4
                  http://localhost:3000/Onboarding,-6, cac374ab-932a-43db-9b8e-d4eb930adff4
                  http://localhost:3000/Onboarding,-5, cac374ab-932a-43db-9b8e-d4eb930adff4
 https://en.wikipedia.org/wiki/Call_of_Duty:_Bl...,   NaN,                                  NaN
 https://en.wikipedia.org/wiki/Big_Mac?printabl...,   NaN,                                  NaN
 https://en.wikipedia.org/wiki/Gordon_Ramsay?pr...,   NaN,                                  NaN
                  http://localhost:3000/Onboarding,-24, cac374ab-932a-43db-9b8e-d4eb930adff4
                  http://localhost:3000/Onboarding,-9, cac374ab-932a-43db-9b8e-d4eb930adff4
                  http://localhost:3000/Onboarding,-5, cac374ab-932a-43db-9b8e-d4eb930adff4
                  http://localhost:3000/Onboarding,-7, cac374ab-932a-43db-9b8e-d4eb930adff4
                  http://localhost:3000/Onboarding,-5, cac374ab-932a-43db-9b8e-d4eb930adff4
                  http://localhost:3000/Onboarding,-4, cac374ab-932a-43db-9b8e-d4eb930adff4
                  http://localhost:3000/Onboarding,-17, cac374ab-932a-43db-9b8e-d4eb930adff4
                  http://localhost:3000/Onboarding,-10, cac374ab-932a-43db-9b8e-d4eb930adff4
                  http://localhost:3000/Onboarding,-11, cac374ab-932a-43db-9b8e-d4eb930adff4
                  http://localhost:3000/Onboarding,-5, cac374ab-932a-43db-9b8e-d4eb930adff4
                  http://localhost:3000/Onboarding,-8, cac374ab-932a-43db-9b8e-d4eb930adff4
                  http://localhost:3000/Onboarding,-4, cac374ab-932a-43db-9b8e-d4eb930adff4
                  http://localhost:3000/Onboarding,-7, cac374ab-932a-43db-9b8e-d4eb930adff4
                  http://localhost:3000/Onboarding,-32, cac374ab-932a-43db-9b8e-d4eb930adff4
                  http://localhost:3000/Onboarding,-6, cac374ab-932a-43db-9b8e-d4eb930adff4
                  http://localhost:3000/Onboarding,-10, cac374ab-932a-43db-9b8e-d4eb930adff4
                  http://localhost:3000/Onboarding,-5, cac374ab-932a-43db-9b8e-d4eb930adff4
                  http://localhost:3000/Onboarding,-7, cac374ab-932a-43db-9b8e-d4eb930adff4
                  http://localhost:3000/Onboarding,-7, cac374ab-932a-43db-9b8e-d4eb930adff4
                  http://localhost:3000/Onboarding,-4, cac374ab-932a-43db-9b8e-d4eb930adff4
                  http://localhost:3000/Onboarding,-6, cac374ab-932a-43db-9b8e-d4eb930adff4
                  http://localhost:3000/Onboarding,-7, cac374ab-932a-43db-9b8e-d4eb930adff4
                  http://localhost:3000/Onboarding,-6, cac374ab-932a-43db-9b8e-d4eb930adff4
                  http://localhost:3000/Onboarding,-6, cac374ab-932a-43db-9b8e-d4eb930adff4
                  http://localhost:3000/Onboarding,-5, cac374ab-932a-43db-9b8e-d4eb930adff4
                  http://localhost:3000/Onboarding,-6, cac374ab-932a-43db-9b8e-d4eb930adff4
                  http://localhost:3000/Onboarding,-6, cac374ab-932a-43db-9b8e-d4eb930adff4
                  http://localhost:3000/Onboarding,-4, cac374ab-932a-43db-9b8e-d4eb930adff4
                  http://localhost:3000/Onboarding,-4, cac374ab-932a-43db-9b8e-d4eb930adff4
                  http://localhost:3000/Onboarding,-7, cac374ab-932a-43db-9b8e-d4eb930adff4
                  http://localhost:3000/Onboarding,-6, cac374ab-932a-43db-9b8e-d4eb930adff4
                  http://localhost:3000/Onboarding,-3, cac374ab-932a-43db-9b8e-d4eb930adff4
                  http://localhost:3000/Onboarding,-2, cac374ab-932a-43db-9b8e-d4eb930adff4
                  http://localhost:3000/Onboarding,-2, cac374ab-932a-43db-9b8e-d4eb930adff4
                  http://localhost:3000/Onboarding,-5, cac374ab-932a-43db-9b8e-d4eb930adff4
                  http://localhost:3000/Onboarding,-5, cac374ab-932a-43db-9b8e-d4eb930adff4
                  http://localhost:3000/Onboarding,-4, cac374ab-932a-43db-9b8e-d4eb930adff4
                  http://localhost:3000/Onboarding,-7, cac374ab-932a-43db-9b8e-d4eb930adff4
                  http://localhost:3000/Onboarding,-6, cac374ab-932a-43db-9b8e-d4eb930adff4
                  http://localhost:3000/Onboarding,-6, cac374ab-932a-43db-9b8e-d4eb930adff4
                  http://localhost:3000/Onboarding,-2, cac374ab-932a-43db-9b8e-d4eb930adff4
                  http://localhost:3000/Onboarding,-4, cac374ab-932a-43db-9b8e-d4eb930adff4
                  http://localhost:3000/Onboarding,-8, cac374ab-932a-43db-9b8e-d4eb930adff4
                  http://localhost:3000/Onboarding,-3, cac374ab-932a-43db-9b8e-d4eb930adff4
                  http://localhost:3000/Onboarding,-5, cac374ab-932a-43db-9b8e-d4eb930adff4
                  http://localhost:3000/Onboarding,-6, cac374ab-932a-43db-9b8e-d4eb930adff4
                  http://localhost:3000/Onboarding,-7, cac374ab-932a-43db-9b8e-d4eb930adff4
                  http://localhost:3000/Onboarding,-4, cac374ab-932a-43db-9b8e-d4eb930adff4
                  http://localhost:3000/Onboarding,-8, cac374ab-932a-43db-9b8e-d4eb930adff4
                  http://localhost:3000/Onboarding,-5, cac374ab-932a-43db-9b8e-d4eb930adff4
                  http://localhost:3000/Onboarding,-13, cac374ab-932a-43db-9b8e-d4eb930adff4
                  http://localhost:3000/Onboarding,-23, cac374ab-932a-43db-9b8e-d4eb930adff4
                  http://localhost:3000/Onboarding,-3, cac374ab-932a-43db-9b8e-d4eb930adff4
                  http://localhost:3000/Onboarding,-4, cac374ab-932a-43db-9b8e-d4eb930adff4
                  http://localhost:3000/Onboarding,-7, cac374ab-932a-43db-9b8e-d4eb930adff4
                  http://localhost:3000/Onboarding,-5, cac374ab-932a-43db-9b8e-d4eb930adff4
                  http://localhost:3000/Onboarding,-4, cac374ab-932a-43db-9b8e-d4eb930adff4
                  http://localhost:3000/Onboarding,-6, cac374ab-932a-43db-9b8e-d4eb930adff4
                  http://localhost:3000/Onboarding,-7, cac374ab-932a-43db-9b8e-d4eb930adff4
                  http://localhost:3000/Onboarding,-10, cac374ab-932a-43db-9b8e-d4eb930adff4
                  http://localhost:3000/Onboarding,-8, cac374ab-932a-43db-9b8e-d4eb930adff4
                  http://localhost:3000/Onboarding,-6, cac374ab-932a-43db-9b8e-d4eb930adff4
                  http://localhost:3000/Onboarding,-3, cac374ab-932a-43db-9b8e-d4eb930adff4
                  http://localhost:3000/Onboarding,-7, cac374ab-932a-43db-9b8e-d4eb930adff4
                  http://localhost:3000/Onboarding,-3, cac374ab-932a-43db-9b8e-d4eb930adff4
                  http://localhost:3000/Onboarding,-3, cac374ab-932a-43db-9b8e-d4eb930adff4
                  http://localhost:3000/Onboarding,-5, cac374ab-932a-43db-9b8e-d4eb930adff4
                  http://localhost:3000/Onboarding,-4, cac374ab-932a-43db-9b8e-d4eb930adff4
                  http://localhost:3000/Onboarding,-3, cac374ab-932a-43db-9b8e-d4eb930adff4
                  http://localhost:3000/Onboarding,-9, cac374ab-932a-43db-9b8e-d4eb930adff4
                  http://localhost:3000/Onboarding,-14, cac374ab-932a-43db-9b8e-d4eb930adff4
                  http://localhost:3000/Onboarding,-3, cac374ab-932a-43db-9b8e-d4eb930adff4
                  http://localhost:3000/Onboarding,-3, cac374ab-932a-43db-9b8e-d4eb930adff4
                  http://localhost:3000/Onboarding,-15, cac374ab-932a-43db-9b8e-d4eb930adff4
                  http://localhost:3000/Onboarding,-15, cac374ab-932a-43db-9b8e-d4eb930adff4
                  http://localhost:3000/Onboarding,-6, cac374ab-932a-43db-9b8e-d4eb930adff4
                  http://localhost:3000/Onboarding,-4, cac374ab-932a-43db-9b8e-d4eb930adff4
                  http://localhost:3000/Onboarding,-4, cac374ab-932a-43db-9b8e-d4eb930adff4
                  http://localhost:3000/Onboarding,-6, cac374ab-932a-43db-9b8e-d4eb930adff4
                  http://localhost:3000/Onboarding,-3, cac374ab-932a-43db-9b8e-d4eb930adff4
                  http://localhost:3000/Onboarding,-5, cac374ab-932a-43db-9b8e-d4eb930adff4
                  http://localhost:3000/Onboarding,-9, cac374ab-932a-43db-9b8e-d4eb930adff4
                  http://localhost:3000/Onboarding,-7, cac374ab-932a-43db-9b8e-d4eb930adff4
                  http://localhost:3000/Onboarding,-9, cac374ab-932a-43db-9b8e-d4eb930adff4
                  http://localhost:3000/Onboarding,-3, cac374ab-932a-43db-9b8e-d4eb930adff4
                  http://localhost:3000/Onboarding,-3, cac374ab-932a-43db-9b8e-d4eb930adff4
                                  chrome://newtab/,-9, cac374ab-932a-43db-9b8e-d4eb930adff4
 https://en.wikipedia.org/wiki/2010_United_Stat...,-6, cac374ab-932a-43db-9b8e-d4eb930adff4
 https://en.wikipedia.org/wiki/2010_United_Stat...,-54, cac374ab-932a-43db-9b8e-d4eb930adff4
 https://en.wikipedia.org/wiki/2010_United_Stat...,-15, cac374ab-932a-43db-9b8e-d4eb930adff4
        https://en.wikipedia.org/wiki/Barack_Obama,-67, cac374ab-932a-43db-9b8e-d4eb930adff4
 https://en.wikipedia.org/wiki/Punahou_School#N...,-7, cac374ab-932a-43db-9b8e-d4eb930adff4
                           https://www.reddit.com/,-104, cac374ab-932a-43db-9b8e-d4eb930adff4
                        https://www.wikipedia.org/,-4, 1ecef43c-fd9c-43ea-a976-5eb7b1ab82e8
           https://en.wikipedia.org/wiki/Main_Page,-2, 1ecef43c-fd9c-43ea-a976-5eb7b1ab82e8
 https://en.wikipedia.org/wiki/Ngozi_Okonjo-Iweala,-2, 1ecef43c-fd9c-43ea-a976-5eb7b1ab82e8
             https://en.wikipedia.org/wiki/Run-DMC,-1, 1ecef43c-fd9c-43ea-a976-5eb7b1ab82e8
 https://en.wikipedia.org/wiki/A_Tribe_Called_Q...,-2, 1ecef43c-fd9c-43ea-a976-5eb7b1ab82e8
       https://en.wikipedia.org/wiki/Atlanta_Hawks,-3, 1ecef43c-fd9c-43ea-a976-5eb7b1ab82e8
          https://en.wikipedia.org/wiki/Kanye_West,-2, 1ecef43c-fd9c-43ea-a976-5eb7b1ab82e8
          https://en.wikipedia.org/wiki/Kanye_West,-3, 1ecef43c-fd9c-43ea-a976-5eb7b1ab82e8